{
  "_name": "bonusChest",
  "min": 10,
  "max": 10,
  "loot": [
    {
      "weight": 10,
      "id": "minecraft:stick",
      "damage": 0,
      "min": 1,
      "max": 3
    },
    {
      "weight": 10,
      "id": "minecraft:planks",
      "damage": 0,
      "min": 1,
      "max": 3
    },
    {
      "weight": 10,
      "id": "minecraft:log",
      "damage": 0,
      "min": 1,
      "max": 3
    },
    {
      "weight": 3,
      "id": "minecraft:stone_axe",
      "damage": 0,
      "min": 1,
      "max": 1
    },
    {
      "weight": 5,
      "id": "minecraft:wooden_axe",
      "damage": 0,
      "min": 1,
      "max": 1
    },
    {
      "weight": 3,
      "id": "minecraft:stone_pickaxe",
      "damage": 0,
      "min": 1,
      "max": 1
    },
    {
      "weight": 5,
      "id": "minecraft:wooden_pickaxe",
      "damage": 0,
      "min": 1,
      "max": 1
    },
    {
      "weight": 5,
      "id": "minecraft:apple",
      "damage": 0,
      "min": 2,
      "max": 3
    },
    {
      "weight": 3,
      "id": "minecraft:bread",
      "damage": 0,
      "min": 2,
      "max": 3
    },
    {
      "weight": 10,
      "id": "minecraft:log2",
      "damage": 0,
      "min": 1,
      "max": 3
    },
    {
      "weight": 7,
      "id": "Botania:lexicon",
      "damage": 0,
      "min": 1,
      "max": 1
    },
    {
      "weight": 1,
      "id": "Botania:blackLotus",
      "damage": 0,
      "min": 1,
      "max": 1
    },
    {
      "weight": 40,
      "id": "fossil:bioFossil",
      "damage": 0,
      "min": 3,
      "max": 12
    },
    {
      "weight": 40,
      "id": "fossil:relicScrap",
      "damage": 0,
      "min": 3,
      "max": 12
    },
    {
      "keep": "iguanaman.iguanatweakstconstruct.worldgen.RandomWeaponChestContent",
      "id": "TConstruct:broadsword",
      "damage": 0,
      "nbt": false,
      "count": 1
    }
  ]
}