{
  "_name": "dungeonChest",
  "min": 8,
  "max": 8,
  "loot": [
    {
      "weight": 10,
      "id": "minecraft:saddle",
      "damage": 0,
      "min": 1,
      "max": 1
    },
    {
      "weight": 10,
      "id": "minecraft:iron_ingot",
      "damage": 0,
      "min": 1,
      "max": 4
    },
    {
      "weight": 10,
      "id": "minecraft:bread",
      "damage": 0,
      "min": 1,
      "max": 1
    },
    {
      "weight": 10,
      "id": "minecraft:wheat",
      "damage": 0,
      "min": 1,
      "max": 4
    },
    {
      "weight": 10,
      "id": "minecraft:gunpowder",
      "damage": 0,
      "min": 1,
      "max": 4
    },
    {
      "weight": 10,
      "id": "minecraft:string",
      "damage": 0,
      "min": 1,
      "max": 4
    },
    {
      "weight": 10,
      "id": "minecraft:bucket",
      "damage": 0,
      "min": 1,
      "max": 1
    },
    {
      "weight": 1,
      "id": "minecraft:golden_apple",
      "damage": 0,
      "min": 1,
      "max": 1
    },
    {
      "weight": 10,
      "id": "minecraft:redstone",
      "damage": 0,
      "min": 1,
      "max": 4
    },
    {
      "weight": 10,
      "id": "minecraft:record_13",
      "damage": 0,
      "min": 1,
      "max": 1
    },
    {
      "weight": 10,
      "id": "minecraft:record_cat",
      "damage": 0,
      "min": 1,
      "max": 1
    },
    {
      "weight": 10,
      "id": "minecraft:name_tag",
      "damage": 0,
      "min": 1,
      "max": 1
    },
    {
      "weight": 2,
      "id": "minecraft:golden_horse_armor",
      "damage": 0,
      "min": 1,
      "max": 1
    },
    {
      "weight": 5,
      "id": "minecraft:iron_horse_armor",
      "damage": 0,
      "min": 1,
      "max": 1
    },
    {
      "weight": 1,
      "id": "minecraft:diamond_horse_armor",
      "damage": 0,
      "min": 1,
      "max": 1
    },
    {
      "weight": 1,
      "id": "minecraft:enchanted_book",
      "damage": 0,
      "min": 1,
      "max": 1
    },
    {
      "weight": 9,
      "id": "Botania:manaResource",
      "damage": 0,
      "min": 1,
      "max": 5
    },
    {
      "weight": 6,
      "id": "Botania:lexicon",
      "damage": 0,
      "min": 1,
      "max": 1
    },
    {
      "weight": 5,
      "id": "Botania:manaBottle",
      "damage": 0,
      "min": 1,
      "max": 1
    },
    {
      "weight": 6,
      "id": "Botania:blackLotus",
      "damage": 0,
      "min": 1,
      "max": 1
    },
    {
      "weight": 2,
      "id": "Botania:overgrowthSeed",
      "damage": 0,
      "min": 1,
      "max": 1
    },
    {
      "weight": 5,
      "id": "fossil:figurine",
      "damage": 6,
      "min": 1,
      "max": 1
    },
    {
      "weight": 1,
      "id": "fossil:scarabGem",
      "damage": 0,
      "min": 1,
      "max": 1
    },
    {
      "weight": 5,
      "id": "fossil:record_bones",
      "damage": 0,
      "min": 1,
      "max": 1
    },
    {
      "weight": 5,
      "id": "fossil:record_bones",
      "damage": 0,
      "min": 1,
      "max": 1
    },
    {
      "weight": 5,
      "id": "fossil:record_bones",
      "damage": 0,
      "min": 1,
      "max": 1
    },
    {
      "weight": 5,
      "id": "fossil:record_discovery",
      "damage": 0,
      "min": 1,
      "max": 1
    },
    {
      "weight": 5,
      "id": "fossil:record_discovery",
      "damage": 0,
      "min": 1,
      "max": 1
    },
    {
      "weight": 5,
      "id": "fossil:record_discovery",
      "damage": 0,
      "min": 1,
      "max": 1
    },
    {
      "weight": 5,
      "id": "fossil:record_scarab",
      "damage": 0,
      "min": 1,
      "max": 1
    },
    {
      "weight": 5,
      "id": "fossil:record_scarab",
      "damage": 0,
      "min": 1,
      "max": 1
    },
    {
      "weight": 5,
      "id": "fossil:record_scarab",
      "damage": 0,
      "min": 1,
      "max": 1
    },
    {
      "weight": 3,
      "id": "RandomThings:whitestone",
      "damage": 0,
      "min": 1,
      "max": 1
    },
    {
      "weight": 1,
      "id": "Ztones:diamondZane",
      "damage": 0,
      "min": 1,
      "max": 2
    },
    {
      "weight": 10,
      "id": "DCsAppleMilk:defeatedcrow.itemBottle",
      "damage": 17,
      "min": 1,
      "max": 1
    },
    {
      "weight": 10,
      "id": "DCsAppleMilk:defeatedcrow.battery",
      "damage": 0,
      "min": 1,
      "max": 4
    },
    {
      "weight": 5,
      "id": "DCsAppleMilk:defeatedcrow.essentialOil",
      "damage": 6,
      "min": 1,
      "max": 3
    },
    {
      "weight": 3,
      "id": "DCsAppleMilk:defeatedcrow.essentialOil",
      "damage": 10,
      "min": 1,
      "max": 3
    },
    {
      "weight": 10,
      "id": "DCsAppleMilk:defeatedcrow.battery",
      "damage": 0,
      "min": 1,
      "max": 4
    },
    {
      "weight": 15,
      "id": "EnderIO:itemAlloy",
      "damage": 6,
      "min": 1,
      "max": 3
    },
    {
      "weight": 10,
      "id": "EnderIO:itemConduitProbe",
      "damage": 0,
      "min": 1,
      "max": 1
    },
    {
      "weight": 20,
      "id": "minecraft:quartz",
      "damage": 0,
      "min": 3,
      "max": 16
    },
    {
      "weight": 10,
      "id": "minecraft:nether_wart",
      "damage": 0,
      "min": 1,
      "max": 4
    },
    {
      "weight": 30,
      "id": "minecraft:ender_pearl",
      "damage": 0,
      "min": 1,
      "max": 2
    },
    {
      "weight": 5,
      "id": "EnderIO:item.darkSteel_sword",
      "damage": 0,
      "min": 1,
      "max": 1
    },
    {
      "weight": 5,
      "id": "EnderIO:item.darkSteel_boots",
      "damage": 0,
      "min": 1,
      "max": 1
    },
    {
      "keep": "li.cil.oc.common.Loot",
      "id": "OpenComputers:item",
      "damage": 4,
      "nbt": false,
      "count": 1
    },
    {
      "weight": 5,
      "id": "TConstruct:heartCanister",
      "damage": 1,
      "min": 1,
      "max": 1
    },
    {
      "weight": 1,
      "id": "Mariculture:ring",
      "damage": 0,
      "min": 1,
      "max": 1,
      "enchant": 0,
      "enchant_chance": 0,
      "functions": [
        {
          "function": "nbt",
          "tags": [
            {
              "name": "ench",
              "function": "list",
              "tags": [
                {
                  "function": "compound",
                  "tags": [
                    {
                      "name": "lvl",
                      "function": "short",
                      "value": "1~1"
                    },
                    {
                      "name": "id",
                      "function": "enchant_id",
                      "value": "enchantment.oneRing"
                    }
                  ]
                }
              ]
            },
            {
              "name": "Specials",
              "function": "string",
              "value": "\u00a7eOne Ring"
            }
          ]
        }
      ]
    },
    {
      "weight": 8,
      "id": "TravellersGear:simpleGear",
      "damage": 6,
      "min": 1,
      "max": 1
    },
    {
      "keep": "iguanaman.iguanatweakstconstruct.worldgen.RandomWeaponChestContent",
      "id": "TConstruct:broadsword",
      "damage": 0,
      "nbt": false,
      "count": 1
    },
    {
      "weight": 5,
      "id": "Thaumcraft:ItemLootBag",
      "damage": 0,
      "min": 1,
      "max": 3
    },
    {
      "weight": 5,
      "id": "Thaumcraft:ItemResource",
      "damage": 2,
      "min": 1,
      "max": 3
    },
    {
      "weight": 5,
      "id": "Thaumcraft:ItemResource",
      "damage": 6,
      "min": 1,
      "max": 3
    },
    {
      "weight": 4,
      "id": "Thaumcraft:ItemLootBag",
      "damage": 1,
      "min": 1,
      "max": 2
    },
    {
      "weight": 4,
      "id": "Thaumcraft:ItemBaubleBlanks",
      "damage": 0,
      "min": 1,
      "max": 2
    },
    {
      "weight": 4,
      "id": "Thaumcraft:ItemBaubleBlanks",
      "damage": 1,
      "min": 1,
      "max": 2
    },
    {
      "weight": 4,
      "id": "Thaumcraft:ItemBaubleBlanks",
      "damage": 2,
      "min": 1,
      "max": 2
    },
    {
      "weight": 4,
      "id": "Thaumcraft:ItemResource",
      "damage": 9,
      "min": 1,
      "max": 2
    },
    {
      "weight": 1,
      "id": "Thaumcraft:ItemLootBag",
      "damage": 2,
      "min": 1,
      "max": 1
    },
    {
      "weight": 1,
      "id": "Thaumcraft:ItemThaumonomicon",
      "damage": 0,
      "min": 1,
      "max": 1
    },
    {
      "weight": 1,
      "id": "Thaumcraft:ItemSwordThaumium",
      "damage": 0,
      "min": 1,
      "max": 1
    },
    {
      "weight": 1,
      "id": "Thaumcraft:ItemPickThaumium",
      "damage": 0,
      "min": 1,
      "max": 1
    },
    {
      "weight": 1,
      "id": "Thaumcraft:ItemAxeThaumium",
      "damage": 0,
      "min": 1,
      "max": 1
    },
    {
      "weight": 1,
      "id": "Thaumcraft:ItemHoeThaumium",
      "damage": 0,
      "min": 1,
      "max": 1
    },
    {
      "weight": 1,
      "id": "Thaumcraft:ItemRingRunic",
      "damage": 0,
      "min": 1,
      "max": 1
    },
    {
      "weight": 1,
      "id": "Thaumcraft:ItemBaubleBlanks",
      "damage": 3,
      "min": 1,
      "max": 1
    },
    {
      "weight": 1,
      "id": "Thaumcraft:ItemBaubleBlanks",
      "damage": 4,
      "min": 1,
      "max": 1
    },
    {
      "weight": 1,
      "id": "Thaumcraft:ItemBaubleBlanks",
      "damage": 5,
      "min": 1,
      "max": 1
    },
    {
      "weight": 1,
      "id": "Thaumcraft:ItemBaubleBlanks",
      "damage": 6,
      "min": 1,
      "max": 1
    },
    {
      "weight": 1,
      "id": "Thaumcraft:ItemBaubleBlanks",
      "damage": 7,
      "min": 1,
      "max": 1
    },
    {
      "weight": 1,
      "id": "Thaumcraft:ItemBaubleBlanks",
      "damage": 8,
      "min": 1,
      "max": 1
    },
    {
      "weight": 1,
      "id": "Thaumcraft:ItemAmuletVis",
      "damage": 0,
      "min": 1,
      "max": 1,
      "enchant": 0,
      "enchant_chance": 0,
      "functions": [
        {
          "function": "nbt",
          "tags": [
            {
              "name": "aqua",
              "function": "int",
              "value": "400~400"
            },
            {
              "name": "terra",
              "function": "int",
              "value": "0~0"
            },
            {
              "name": "ignis",
              "function": "int",
              "value": "0~0"
            },
            {
              "name": "ordo",
              "function": "int",
              "value": "300~300"
            },
            {
              "name": "perditio",
              "function": "int",
              "value": "400~400"
            },
            {
              "name": "aer",
              "function": "int",
              "value": "100~100"
            }
          ]
        }
      ]
    },
    {
      "weight": 10,
      "id": "Forestry:beeDroneGE",
      "damage": 0,
      "min": 1,
      "max": 1,
      "enchant": 0,
      "enchant_chance": 0,
      "functions": [
        {
          "function": "nbt",
          "tags": [
            {
              "name": "MaxH",
              "function": "int",
              "value": "40~40"
            },
            {
              "name": "Health",
              "function": "int",
              "value": "40~40"
            },
            {
              "name": "IsAnalyzed",
              "function": "byte",
              "value": "0~0"
            },
            {
              "name": "Genome",
              "function": "compound",
              "tags": [
                {
                  "name": "Chromosomes",
                  "function": "list",
                  "tags": [
                    {
                      "function": "compound",
                      "tags": [
                        {
                          "name": "Slot",
                          "function": "byte",
                          "value": "0~0"
                        },
                        {
                          "name": "UID1",
                          "function": "string",
                          "value": "forestry.speciesSteadfast"
                        },
                        {
                          "name": "UID0",
                          "function": "string",
                          "value": "forestry.speciesSteadfast"
                        }
                      ]
                    },
                    {
                      "function": "compound",
                      "tags": [
                        {
                          "name": "Slot",
                          "function": "byte",
                          "value": "1~1"
                        },
                        {
                          "name": "UID1",
                          "function": "string",
                          "value": "forestry.speedSlower"
                        },
                        {
                          "name": "UID0",
                          "function": "string",
                          "value": "forestry.speedSlower"
                        }
                      ]
                    },
                    {
                      "function": "compound",
                      "tags": [
                        {
                          "name": "Slot",
                          "function": "byte",
                          "value": "2~2"
                        },
                        {
                          "name": "UID1",
                          "function": "string",
                          "value": "forestry.lifespanNormal"
                        },
                        {
                          "name": "UID0",
                          "function": "string",
                          "value": "forestry.lifespanNormal"
                        }
                      ]
                    },
                    {
                      "function": "compound",
                      "tags": [
                        {
                          "name": "Slot",
                          "function": "byte",
                          "value": "3~3"
                        },
                        {
                          "name": "UID1",
                          "function": "string",
                          "value": "forestry.fertilityNormal"
                        },
                        {
                          "name": "UID0",
                          "function": "string",
                          "value": "forestry.fertilityNormal"
                        }
                      ]
                    },
                    {
                      "function": "compound",
                      "tags": [
                        {
                          "name": "Slot",
                          "function": "byte",
                          "value": "4~4"
                        },
                        {
                          "name": "UID1",
                          "function": "string",
                          "value": "forestry.toleranceNone"
                        },
                        {
                          "name": "UID0",
                          "function": "string",
                          "value": "forestry.toleranceNone"
                        }
                      ]
                    },
                    {
                      "function": "compound",
                      "tags": [
                        {
                          "name": "Slot",
                          "function": "byte",
                          "value": "5~5"
                        },
                        {
                          "name": "UID1",
                          "function": "string",
                          "value": "forestry.boolTrue"
                        },
                        {
                          "name": "UID0",
                          "function": "string",
                          "value": "forestry.boolTrue"
                        }
                      ]
                    },
                    {
                      "function": "compound",
                      "tags": [
                        {
                          "name": "Slot",
                          "function": "byte",
                          "value": "7~7"
                        },
                        {
                          "name": "UID1",
                          "function": "string",
                          "value": "forestry.toleranceNone"
                        },
                        {
                          "name": "UID0",
                          "function": "string",
                          "value": "forestry.toleranceNone"
                        }
                      ]
                    },
                    {
                      "function": "compound",
                      "tags": [
                        {
                          "name": "Slot",
                          "function": "byte",
                          "value": "8~8"
                        },
                        {
                          "name": "UID1",
                          "function": "string",
                          "value": "forestry.boolFalse"
                        },
                        {
                          "name": "UID0",
                          "function": "string",
                          "value": "forestry.boolFalse"
                        }
                      ]
                    },
                    {
                      "function": "compound",
                      "tags": [
                        {
                          "name": "Slot",
                          "function": "byte",
                          "value": "9~9"
                        },
                        {
                          "name": "UID1",
                          "function": "string",
                          "value": "forestry.boolTrue"
                        },
                        {
                          "name": "UID0",
                          "function": "string",
                          "value": "forestry.boolTrue"
                        }
                      ]
                    },
                    {
                      "function": "compound",
                      "tags": [
                        {
                          "name": "Slot",
                          "function": "byte",
                          "value": "10~10"
                        },
                        {
                          "name": "UID1",
                          "function": "string",
                          "value": "forestry.flowersVanilla"
                        },
                        {
                          "name": "UID0",
                          "function": "string",
                          "value": "forestry.flowersVanilla"
                        }
                      ]
                    },
                    {
                      "function": "compound",
                      "tags": [
                        {
                          "name": "Slot",
                          "function": "byte",
                          "value": "11~11"
                        },
                        {
                          "name": "UID1",
                          "function": "string",
                          "value": "forestry.floweringSlowest"
                        },
                        {
                          "name": "UID0",
                          "function": "string",
                          "value": "forestry.floweringSlowest"
                        }
                      ]
                    },
                    {
                      "function": "compound",
                      "tags": [
                        {
                          "name": "Slot",
                          "function": "byte",
                          "value": "12~12"
                        },
                        {
                          "name": "UID1",
                          "function": "string",
                          "value": "forestry.territoryAverage"
                        },
                        {
                          "name": "UID0",
                          "function": "string",
                          "value": "forestry.territoryAverage"
                        }
                      ]
                    },
                    {
                      "function": "compound",
                      "tags": [
                        {
                          "name": "Slot",
                          "function": "byte",
                          "value": "13~13"
                        },
                        {
                          "name": "UID1",
                          "function": "string",
                          "value": "forestry.effectNone"
                        },
                        {
                          "name": "UID0",
                          "function": "string",
                          "value": "forestry.effectNone"
                        }
                      ]
                    }
                  ]
                }
              ]
            }
          ]
        }
      ]
    }
  ]
}