{
  "_name": "oceanFloorChest",
  "min": 0,
  "max": 0,
  "loot": [
    {
      "weight": 25,
      "id": "minecraft:bone",
      "damage": 0,
      "min": 5,
      "max": 10
    },
    {
      "weight": 5,
      "id": "minecraft:skull",
      "damage": 0,
      "min": 5,
      "max": 5
    },
    {
      "weight": 3,
      "id": "minecraft:skull",
      "damage": 1,
      "min": 2,
      "max": 3
    },
    {
      "weight": 4,
      "id": "minecraft:tnt",
      "damage": 0,
      "min": 2,
      "max": 4
    },
    {
      "weight": 20,
      "id": "minecraft:paper",
      "damage": 0,
      "min": 2,
      "max": 3
    },
    {
      "weight": 15,
      "id": "minecraft:book",
      "damage": 0,
      "min": 2,
      "max": 3
    },
    {
      "weight": 20,
      "id": "minecraft:experience_bottle",
      "damage": 0,
      "min": 5,
      "max": 10
    },
    {
      "weight": 4,
      "id": "minecraft:writable_book",
      "damage": 0,
      "min": 1,
      "max": 4
    },
    {
      "weight": 5,
      "id": "minecraft:map",
      "damage": 0,
      "min": 1,
      "max": 1
    },
    {
      "weight": 10,
      "id": "minecraft:gold_ingot",
      "damage": 0,
      "min": 10,
      "max": 20
    },
    {
      "weight": 3,
      "id": "minecraft:diamond",
      "damage": 0,
      "min": 1,
      "max": 2
    },
    {
      "weight": 4,
      "id": "Mariculture:materials",
      "damage": 2,
      "min": 1,
      "max": 3
    },
    {
      "weight": 6,
      "id": "Mariculture:rod_reed",
      "damage": 0,
      "min": 1,
      "max": 2
    },
    {
      "weight": 4,
      "id": "Mariculture:rod_wood",
      "damage": 0,
      "min": 1,
      "max": 2
    },
    {
      "weight": 2,
      "id": "Mariculture:rod_titanium",
      "damage": 0,
      "min": 1,
      "max": 1
    }
  ]
}