{
  "_name": "strongholdLibrary",
  "min": 1,
  "max": 5,
  "loot": [
    {
      "weight": 20,
      "id": "minecraft:book",
      "damage": 0,
      "min": 1,
      "max": 3
    },
    {
      "weight": 20,
      "id": "minecraft:paper",
      "damage": 0,
      "min": 2,
      "max": 7
    },
    {
      "weight": 1,
      "id": "minecraft:map",
      "damage": 0,
      "min": 1,
      "max": 1
    },
    {
      "weight": 1,
      "id": "minecraft:compass",
      "damage": 0,
      "min": 1,
      "max": 1
    },
    {
      "weight": 2,
      "id": "minecraft:enchanted_book",
      "damage": 0,
      "min": 1,
      "max": 5
    },
    {
      "keep": "li.cil.oc.common.Loot",
      "id": "OpenComputers:item",
      "damage": 4,
      "nbt": false,
      "count": 1
    },
    {
      "weight": 10,
      "id": "ImmersiveEngineering:blueprint",
      "damage": 2,
      "min": 1,
      "max": 1
    },
    {
      "weight": 8,
      "id": "TravellersGear:simpleGear",
      "damage": 6,
      "min": 1,
      "max": 1
    },
    {
      "keep": "iguanaman.iguanatweakstconstruct.worldgen.RandomWeaponChestContent",
      "id": "TConstruct:broadsword",
      "damage": 0,
      "nbt": false,
      "count": 1
    },
    {
      "weight": 4,
      "id": "Thaumcraft:ItemLootBag",
      "damage": 0,
      "min": 1,
      "max": 3
    },
    {
      "weight": 4,
      "id": "Thaumcraft:ItemResource",
      "damage": 2,
      "min": 1,
      "max": 3
    },
    {
      "weight": 4,
      "id": "Thaumcraft:ItemResource",
      "damage": 6,
      "min": 1,
      "max": 3
    },
    {
      "weight": 3,
      "id": "Thaumcraft:ItemLootBag",
      "damage": 1,
      "min": 1,
      "max": 2
    },
    {
      "weight": 3,
      "id": "Thaumcraft:ItemBaubleBlanks",
      "damage": 0,
      "min": 1,
      "max": 2
    },
    {
      "weight": 3,
      "id": "Thaumcraft:ItemBaubleBlanks",
      "damage": 1,
      "min": 1,
      "max": 2
    },
    {
      "weight": 3,
      "id": "Thaumcraft:ItemBaubleBlanks",
      "damage": 2,
      "min": 1,
      "max": 2
    },
    {
      "weight": 3,
      "id": "Thaumcraft:ItemResource",
      "damage": 9,
      "min": 1,
      "max": 2
    },
    {
      "weight": 20,
      "id": "Thaumcraft:ItemResource",
      "damage": 9,
      "min": 3,
      "max": 6
    },
    {
      "weight": 1,
      "id": "Thaumcraft:ItemLootBag",
      "damage": 2,
      "min": 1,
      "max": 1
    },
    {
      "weight": 1,
      "id": "Thaumcraft:ItemThaumonomicon",
      "damage": 0,
      "min": 1,
      "max": 1
    },
    {
      "weight": 1,
      "id": "Thaumcraft:ItemSwordThaumium",
      "damage": 0,
      "min": 1,
      "max": 1
    },
    {
      "weight": 1,
      "id": "Thaumcraft:ItemPickThaumium",
      "damage": 0,
      "min": 1,
      "max": 1
    },
    {
      "weight": 1,
      "id": "Thaumcraft:ItemAxeThaumium",
      "damage": 0,
      "min": 1,
      "max": 1
    },
    {
      "weight": 1,
      "id": "Thaumcraft:ItemHoeThaumium",
      "damage": 0,
      "min": 1,
      "max": 1
    },
    {
      "weight": 1,
      "id": "Thaumcraft:ItemRingRunic",
      "damage": 0,
      "min": 1,
      "max": 1
    },
    {
      "weight": 1,
      "id": "Thaumcraft:ItemBaubleBlanks",
      "damage": 3,
      "min": 1,
      "max": 1
    },
    {
      "weight": 1,
      "id": "Thaumcraft:ItemBaubleBlanks",
      "damage": 4,
      "min": 1,
      "max": 1
    },
    {
      "weight": 1,
      "id": "Thaumcraft:ItemBaubleBlanks",
      "damage": 5,
      "min": 1,
      "max": 1
    },
    {
      "weight": 1,
      "id": "Thaumcraft:ItemBaubleBlanks",
      "damage": 6,
      "min": 1,
      "max": 1
    },
    {
      "weight": 1,
      "id": "Thaumcraft:ItemBaubleBlanks",
      "damage": 7,
      "min": 1,
      "max": 1
    },
    {
      "weight": 1,
      "id": "Thaumcraft:ItemBaubleBlanks",
      "damage": 8,
      "min": 1,
      "max": 1
    },
    {
      "weight": 1,
      "id": "Thaumcraft:ItemAmuletVis",
      "damage": 0,
      "min": 1,
      "max": 1,
      "enchant": 0,
      "enchant_chance": 0,
      "functions": [
        {
          "function": "nbt",
          "tags": [
            {
              "name": "aqua",
              "function": "int",
              "value": "400~400"
            },
            {
              "name": "terra",
              "function": "int",
              "value": "0~0"
            },
            {
              "name": "ignis",
              "function": "int",
              "value": "0~0"
            },
            {
              "name": "ordo",
              "function": "int",
              "value": "300~300"
            },
            {
              "name": "perditio",
              "function": "int",
              "value": "400~400"
            },
            {
              "name": "aer",
              "function": "int",
              "value": "100~100"
            }
          ]
        }
      ]
    }
  ]
}