{
  "_name": "villageCafeDC",
  "min": 3,
  "max": 7,
  "loot": [
    {
      "weight": 5,
      "id": "DCsAppleMilk:defeatedcrow.emptyCup",
      "damage": 0,
      "min": 1,
      "max": 4
    },
    {
      "weight": 5,
      "id": "DCsAppleMilk:defeatedcrow.melonSilky",
      "damage": 0,
      "min": 1,
      "max": 4
    },
    {
      "weight": 5,
      "id": "DCsAppleMilk:defeatedcrow.AppleBox",
      "damage": 0,
      "min": 1,
      "max": 4
    },
    {
      "weight": 10,
      "id": "DCsAppleMilk:defeatedcrow.appleSandwich",
      "damage": 0,
      "min": 1,
      "max": 4
    },
    {
      "weight": 10,
      "id": "DCsAppleMilk:defeatedcrow.bakedApple",
      "damage": 0,
      "min": 1,
      "max": 4
    },
    {
      "weight": 5,
      "id": "DCsAppleMilk:defeatedcrow.bottleCamOil",
      "damage": 0,
      "min": 1,
      "max": 4
    },
    {
      "weight": 5,
      "id": "DCsAppleMilk:defeatedcrow.clam",
      "damage": 0,
      "min": 1,
      "max": 4
    },
    {
      "weight": 5,
      "id": "DCsAppleMilk:defeatedcrow.milkCandy",
      "damage": 0,
      "min": 1,
      "max": 4
    },
    {
      "weight": 5,
      "id": "DCsAppleMilk:defeatedcrow.toffyApple",
      "damage": 0,
      "min": 1,
      "max": 4
    },
    {
      "weight": 5,
      "id": "DCsAppleMilk:defeatedcrow.leafTea",
      "damage": 0,
      "min": 1,
      "max": 4
    },
    {
      "weight": 5,
      "id": "DCsAppleMilk:defeatedcrow.condensedMilk",
      "damage": 0,
      "min": 1,
      "max": 4
    },
    {
      "weight": 5,
      "id": "DCsAppleMilk:defeatedcrow.yeast",
      "damage": 0,
      "min": 1,
      "max": 4
    },
    {
      "weight": 5,
      "id": "DCsAppleMilk:defeatedcrow.grater",
      "damage": 0,
      "min": 1,
      "max": 1
    },
    {
      "weight": 2,
      "id": "DCsAppleMilk:defeatedcrow.princessClam",
      "damage": 0,
      "min": 1,
      "max": 1
    },
    {
      "weight": 2,
      "id": "DCsAppleMilk:defeatedcrow.essentialOil",
      "damage": 0,
      "min": 1,
      "max": 1
    }
  ]
}