{
  "_name": "villageBlacksmith",
  "min": 3,
  "max": 9,
  "loot": [
    {
      "weight": 3,
      "id": "minecraft:diamond",
      "damage": 0,
      "min": 1,
      "max": 3
    },
    {
      "weight": 10,
      "id": "minecraft:iron_ingot",
      "damage": 0,
      "min": 1,
      "max": 5
    },
    {
      "weight": 5,
      "id": "minecraft:gold_ingot",
      "damage": 0,
      "min": 1,
      "max": 3
    },
    {
      "weight": 15,
      "id": "minecraft:bread",
      "damage": 0,
      "min": 1,
      "max": 3
    },
    {
      "weight": 15,
      "id": "minecraft:apple",
      "damage": 0,
      "min": 1,
      "max": 3
    },
    {
      "weight": 5,
      "id": "minecraft:iron_pickaxe",
      "damage": 0,
      "min": 1,
      "max": 1
    },
    {
      "weight": 5,
      "id": "minecraft:iron_sword",
      "damage": 0,
      "min": 1,
      "max": 1
    },
    {
      "weight": 5,
      "id": "minecraft:iron_chestplate",
      "damage": 0,
      "min": 1,
      "max": 1
    },
    {
      "weight": 5,
      "id": "minecraft:iron_helmet",
      "damage": 0,
      "min": 1,
      "max": 1
    },
    {
      "weight": 5,
      "id": "minecraft:iron_leggings",
      "damage": 0,
      "min": 1,
      "max": 1
    },
    {
      "weight": 5,
      "id": "minecraft:iron_boots",
      "damage": 0,
      "min": 1,
      "max": 1
    },
    {
      "weight": 5,
      "id": "minecraft:obsidian",
      "damage": 0,
      "min": 3,
      "max": 7
    },
    {
      "weight": 5,
      "id": "minecraft:sapling",
      "damage": 0,
      "min": 3,
      "max": 7
    },
    {
      "weight": 3,
      "id": "minecraft:saddle",
      "damage": 0,
      "min": 1,
      "max": 1
    },
    {
      "weight": 1,
      "id": "minecraft:iron_horse_armor",
      "damage": 0,
      "min": 1,
      "max": 1
    },
    {
      "weight": 1,
      "id": "minecraft:golden_horse_armor",
      "damage": 0,
      "min": 1,
      "max": 1
    },
    {
      "weight": 1,
      "id": "minecraft:diamond_horse_armor",
      "damage": 0,
      "min": 1,
      "max": 1
    },
    {
      "weight": 6,
      "id": "Botania:blackLotus",
      "damage": 0,
      "min": 1,
      "max": 1
    },
    {
      "weight": 50,
      "id": "fossil:whip",
      "damage": 0,
      "min": 1,
      "max": 1
    },
    {
      "weight": 25,
      "id": "fossil:ironJavelin",
      "damage": 0,
      "min": 1,
      "max": 1
    },
    {
      "weight": 3,
      "id": "RandomThings:ingredient",
      "damage": 4,
      "min": 1,
      "max": 1
    },
    {
      "weight": 1,
      "id": "Ztones:terrainEater",
      "damage": 0,
      "min": 1,
      "max": 2
    },
    {
      "weight": 2,
      "id": "Ztones:minicharcoal",
      "damage": 0,
      "min": 2,
      "max": 2
    },
    {
      "weight": 2,
      "id": "Ztones:minicoal",
      "damage": 0,
      "min": 2,
      "max": 2
    },
    {
      "weight": 20,
      "id": "DCsAppleMilk:defeatedcrow.saplingTea",
      "damage": 0,
      "min": 1,
      "max": 3
    },
    {
      "weight": 10,
      "id": "DCsAppleMilk:defeatedcrow.rotaryDial",
      "damage": 0,
      "min": 1,
      "max": 1
    },
    {
      "weight": 10,
      "id": "DCsAppleMilk:defeatedcrow.itemBottle",
      "damage": 19,
      "min": 1,
      "max": 1
    },
    {
      "weight": 10,
      "id": "DCsAppleMilk:defeatedcrow.itemBottle",
      "damage": 18,
      "min": 1,
      "max": 1
    },
    {
      "weight": 20,
      "id": "DCsAppleMilk:defeatedcrow.itemBottle",
      "damage": 0,
      "min": 1,
      "max": 1
    },
    {
      "weight": 20,
      "id": "DCsAppleMilk:defeatedcrow.leafTea",
      "damage": 1,
      "min": 1,
      "max": 3
    },
    {
      "weight": 20,
      "id": "EnderIO:itemAlloy",
      "damage": 0,
      "min": 2,
      "max": 6
    },
    {
      "weight": 35,
      "id": "EnderIO:itemAlloy",
      "damage": 3,
      "min": 3,
      "max": 6
    },
    {
      "weight": 35,
      "id": "EnderIO:itemAlloy",
      "damage": 6,
      "min": 3,
      "max": 6
    },
    {
      "weight": 10,
      "id": "EnderIO:itemAlloy",
      "damage": 5,
      "min": 1,
      "max": 2
    },
    {
      "weight": 5,
      "id": "EnderIO:itemAlloy",
      "damage": 2,
      "min": 1,
      "max": 2
    },
    {
      "weight": 5,
      "id": "EnderIO:item.darkSteel_sword",
      "damage": 0,
      "min": 1,
      "max": 1
    },
    {
      "weight": 5,
      "id": "EnderIO:item.darkSteel_boots",
      "damage": 0,
      "min": 1,
      "max": 1
    },
    {
      "weight": 2,
      "id": "ImmersiveEngineering:blueprint",
      "damage": 2,
      "min": 1,
      "max": 1
    },
    {
      "weight": 10,
      "id": "Thaumcraft:ItemResource",
      "damage": 2,
      "min": 1,
      "max": 3
    }
  ]
}